date;Autres;Centres de santé;Cures thermales;Dentistes;Généralistes;Indemnités journalières (IJ);Infirmières;Kinésithérapeutes;Laboratoires;Liste des produits et prestations (LPP);Médicaments;Orthophonistes;Orthoptistes;Psychologues;Pédicures;Remboursement de soins à l'étranger;Sages-femmes;Spécialistes;Total;Transports;dont IJ accidents du travail;dont IJ acidents du travail;dont IJ maladie;dont autres médicaments (franchises, Rosp, gardes pharmacies …);dont médicaments remboursés de ville;dont médicaments remboursés à 100%;dont médicaments remboursés à 15%;dont médicaments remboursés à 30%;dont médicaments remboursés à 65%;dont rétrocession hospitalière
2015-01-01;2510099.6362070004;56785913.272631995;13569451.014;218360090.8547976;745599821.212524;778398541.62;417368087.407904;248942483.228;226258031.154;409408045.71;1760247012.4754324;47235961.84134;5171914.9363;;1385454.66249;13128018.075;16751191.590737998;781388141.023946;6028024000.84737;285515741.13206;;224359425.43;554039116.19;77314685.96959999;;984029935.05;8494955.8794;38111555.2764326;431485020.05;220810860.25
2015-02-01;4016426.095132;55287133.948589996;16251533.443;217672532.4430585;461564705.01219094;774695592.21;417706099.476;247407044.745;226509406.203;397228057.75;1635961779.9258654;42313807.29327;4949723.7412;;1386585.4549800002;13065309.183;16577969.628104001;750377434.4350171;5561081671.291377;278110530.30397;;219449898.39;555245693.8199999;-44154300.1383;;981723443.39;8450237.9145;38048474.8396654;428263168.98;223630754.94
2015-03-01;5051654.929671;58758920.01431;18071913.297;234100746.08940497;461090846.9559999;779007073.29;420545033.30773705;261955925.04999998;236519698.404;425168593.01;1644557192.757665;52489197.92182;5481767.1321;;1505578.73935;13344798.754;17802744.96049;779317690.0814149;5705020052.036714;290250677.34175;;224029951.61;554977121.6800001;-43327208.815036;;991276420.07;6271332.5328;37719563.359901115;422730503.24;229886582.37
2015-04-01;6788214.524708999;57922315.325767994;17682513.836;225304337.18927002;452627020.42692107;777336096.7800001;424249715.83945405;257120960.48700002;239212288.16399997;426985986.94;1627876006.5596244;45845411.013914;5260044.23512;;1445524.04996;13250676.96;17690389.711722;775644531.079851;5659840374.193704;287598341.07039;;219442997.25;557893099.53;-42986377.890728995;;988357482.27;5913009.6586;38169581.36175342;417058852.96;221363458.2
2015-05-01;4282449.423827;57663703.494710006;19371516.721;217840759.72790998;449977175.5463781;772364356.3800001;429948480.98897994;246118206.805;236412326.64;403306015.38;1603167950.0306013;46526470.02985801;5348869.9422;;1460631.6356300001;13257230.714;17746584.999098998;758086318.525753;5567403585.346766;284524538.36182004;;224810390.58;547553965.8;-43147521.94346;;986988795.72;5905947.7589;38447073.45516149;413679933.04;201293722.0
2015-06-01;3739088.653026;58263837.345203996;15912272.178;231702042.75636;466538199.34828216;813190037.5;426999462.9899199;264304795.002;238575271.866;437120061.85;1603564139.7745347;48777888.713842;5377755.4907;;1528253.9246999999;13824796.287;17883442.705314998;768029246.5201559;5704704281.888559;289373688.98352003;;232666464.1;580523573.4;-42902036.749;;987882426.63;5791510.039;37886808.224534765;413357962.31;201547469.32
2015-07-01;5024817.126395;57763155.21141466;17219283.922;225493378.047825;453154312.27480215;792971961.5799999;432697317.0071021;261767034.874;240974303.18;424571698.06;1606755152.085987;48395299.978690006;5256350.1725;;1501027.63265;13526941.214;18233193.561751;783169567.3908981;5681580446.036076;293105652.71606;;228065052.17;564906909.41;-41261871.96768;;1008076564.7;5832204.0336;37210214.90006737;409057540.23;187840500.19
2015-08-01;2656420.0070139994;60663586.04740667;19163533.286;229204894.33993602;453875107.2433411;797672986.54;434296643.8344593;268297391.57900003;249048637.283;437438793.84;1567572239.625868;53866383.38555001;5459615.10572;;1515077.74496;13948444.624;18496817.176872;776200655.9303219;5681532469.81085;292155242.21739995;;229472347.52;568200639.02;-42020571.688204;;989185509.98;5881349.7366;36713635.687471986;402630848.99;175181466.92
2015-09-01;7199461.189189001;58266111.70492266;17823902.028;228077712.890773;455397434.3828719;802367254.5799999;432451079.3764301;263122967.291;237316068.226;440877458.87;1617714828.5256188;49842352.848312;5399609.4251999995;;1564296.07541;14491062.449;18256427.333373;786796869.3577799;5729662526.0052;292697629.45132;;231265356.06;571101898.52;-44572053.528516;;1017031279.6;6298882.5187;38821830.1954349;420215887.77;179919001.97
2015-10-01;4539555.5256900005;57923448.06285334;18916222.955;222309805.79884;446192756.1625786;802886757.73;429610830.969275;258151876.37;232631644.76399997;423740470.68;1574255140.0932693;47733849.81513;5393272.92734;;1578113.3697900001;14966528.308;18070438.276481;776645357.128679;5626740531.209946;291194462.27302;;230113332.9;572773424.8299999;-41080625.478584;;982022595.63;5912392.7566;37270687.27525316;402843198.35;187286891.56
2015-11-01;5696921.746302;59401891.682243325;17452292.646;239393932.04296;453530370.43460995;805073493.29;431459957.433;271353368.426;239632818.238;429281401.27;1626998563.6559165;51328534.64049;5685101.5868;;1672090.17046;16073071.64;18589786.190428;788408421.2410039;5759085871.528703;298053855.19449;;228654493.1;576419000.19;-42455958.1282;;1014408566.5;6024090.4852;37504366.358916685;401264536.65;210252961.79
2015-12-01;5445487.770565;59373353.828493334;28872073.732;232262307.43762;453731010.5666401;821290887.14;437572509.27599996;259953241.128;248386767.23000002;447008841.57;1612971902.5109801;47422881.21906;5519129.84703;;1739904.05124;23055079.138;19172256.313828;786899147.0928271;5786300767.473193;295623987.62091;;234381852.6;586909034.54;-42300759.85962;;1003444293.7;5896760.8766;36784533.694;400471234.33;208675839.77
2016-01-01;2771361.691446;61218839.38577999;14160333.42;234565689.296245;757515829.66377;806804279.79;439040021.475077;264345880.75771996;243965187.72399998;439765610.47;1700004152.6204998;50586336.93404201;5645026.3411;;1670018.28007;14144869.343;18747895.466282;842260198.021541;6190604005.785395;293392475.10481995;;230856932.25;575947347.54;73135401.1256;;995477684.79;6047847.3629;36286027.952;396630638.31;192426553.08
2016-02-01;6761412.409173001;60713274.820897;25247997.504;228679840.14688003;456535489.216777;837918185.0;458612599.78699994;267741630.61616498;245613534.815;434694826.87;1656717186.4774;47498974.68439;5403831.1753;;1693673.01272;14869243.847;18679422.205103;791703619.7882771;5856875464.111062;297790721.7349799;;241555992.96;596362192.04;-44998882.0157;;1034410092.4;6097968.6411;36915717.872;403701797.7;220590491.88
2016-03-01;6653758.093728001;61653039.5503667;19269079.364;230893509.70952702;486719224.762113;822076733.5999999;442750332.32268804;265857156.537012;238630397.68;444231116.87;1625839560.4053705;50349071.748184;5496621.4725;;1717321.6371900002;14863210.807;18264586.014419;805064639.5755819;5842865856.805389;302536496.6557101;;231469664.4;590607069.2;-46875655.215;;991950112.01;6700701.5485;40222348.93187026;414466993.15;219375059.98
2016-04-01;15253065.521561;79356472.91997999;18857263.808;221356349.444908;452490448.9761742;817331837.5899999;440852919.6488319;260320159.86967;245416179.307;438750916.03;1608603610.4738362;45231146.50296199;5268521.92385;;1665030.04739;14993773.359;16839621.687505998;785731634.3289981;5759954278.437267;291635326.9976001;;232488239.94;584843597.65;-45763158.959364;;1001537021.9;5908108.8742;38185877.679;403626930.92;205108830.06
2016-05-01;7946253.448144999;63479075.4254;19757891.135;234063374.701736;470774122.5112249;820844975.89;444651550.367;275655450.895371;245025488.346;449180864.39;1642349054.990945;53536109.664280005;5672467.7288;;1737282.37501;15050250.247;18094637.814199;808711810.2310841;5880861375.011505;304330714.85030997;;229695149.68;591149826.21;-41968079.541555;;1013735083.6;5988166.6305;39386550.702;411661786.4;213545547.2
2016-06-01;7798245.396791;61562365.942530006;17927910.698;225839617.52528304;465857740.0834;831767275.84;449449171.89538497;270465441.7717;239857596.15500003;434872297.44;1603931049.9772904;49823356.08561799;5549125.9507;;1708382.57834;15086977.209;19187400.255757;793222657.4727061;5796841153.33381;302934541.05631;;235094750.33;596672525.51;-40261735.128373004;;994148356.83;5699786.8811;38574115.164563335;399254434.54;206516091.69
2016-07-01;5793156.553793001;62909324.76355998;19162698.322;227532876.91787;459603585.997664;815266373.28;448719150.64392805;261124884.01892;244265662.388;455647885.01;1612571177.4890702;51545818.069837004;5548865.7944;;1777469.00537;14377521.756;19151272.166176;801372347.0122449;5804555398.225893;298185329.03705996;;234033140.73;581233232.55;-40977580.21343;;1006575828.2;5809513.4865;39639153.036;400082399.77;201441863.21
2016-08-01;5571118.459668999;65875133.712879;17703850.61;241671633.66610098;470602539.916413;825782394.27;452810590.53133297;283185446.88488907;247551459.293;467887263.01;1644181064.5104535;60060781.65164;5850566.1898;;1906033.36944;14505979.004;20755745.864180997;825351731.383441;5964145986.93871;312892654.61147004;;235037080.86;590745313.4100001;-38934021.365122;;1017506377.5;5802281.8704;39226040.63517541;401430501.77;219149884.1
2016-09-01;3242771.3017520006;62536110.631974;18781832.444;236284390.57855;453520382.52778;830003435.0500001;455258114.43;278730892.44303703;245328386.047;451368675.86;1629668306.6894712;52175440.49011;5772178.3285300005;;1864887.84811;15107590.716;19974837.327949;819650259.7825379;5888954874.650251;309686382.15344995;;237220591.18;592782843.87;-37497448.004599996;;1013389299.1;5780148.736;38085025.938071296;391272494.65;218638786.27
2016-10-01;3435217.0527959997;62117511.299440004;18393887.302;225001156.83649302;452326571.266225;827317465.9899999;454839054.468;264745186.817;239794587.22500002;429672342.98;1640704989.7335951;52249998.848234005;5586266.695400001;;1859749.03997;14983440.725;19567193.716477003;795252644.7031751;5813250193.979747;305402929.28094;;238409231.01;588908234.98;-36755846.822004996;;1015533935.5;5786186.4816;39388813.424;395705518.79;221046382.36
2016-11-01;2109663.7459070003;64564595.89691;18695780.854;234333705.11898002;467465605.31694305;837004799.19;456406083.594;273243241.80600005;234921356.97300002;494802358.31;1669516452.7646;49848879.323699996;5692893.2866;;1947649.5629599998;14849927.062;20126593.759829;812027735.2115811;5971188954.88445;313631633.10744;;239772773.99;597232025.2;-38037052.802;;1022702654.5;6024522.5816;39380030.925;401510652.9;237935644.66
2016-12-01;690326.021173;62560114.239723;25642791.853;224701970.663072;471114636.77797705;845983479.0300001;459156381.634;267371992.989395;226291973.19099998;436891945.41;1632104926.8638241;47614859.04532;5399539.66981;;1910824.3662299998;17346904.179;19660471.19717;809883725.1120782;5865246541.109171;310919678.86640006;;236433723.12;609549755.91;-43072562.8776;;1007329831.6;6052451.8353;38769381.05612404;402948614.8;220077210.45
2017-01-01;2166746.530442;64086570.108369105;21323601.463;230591789.67345902;780889404.7956116;859891000.4899999;460122736.43700004;270275936.171659;240214503.19;445888850.85;1774006619.2135234;49164200.750879996;5524968.3359;;1854800.27228;15781875.334;19574388.433883;844214817.2636912;6392625987.469348;307053178.15564996;;245032276.32;614858724.17;70239926.3401;;1019531220.1;6513316.3915;40180955.37192344;400474643.69;237066557.32
2017-02-01;4264353.992036;64263961.73669;24548330.44;229986475.324427;431727867.3768099;810346930.0900002;458846530.30011606;267088024.87399998;247042598.21499997;458778716.96;1626479743.9012256;50567953.588599995;5500964.6105;;1956939.96121;15624568.15;19506898.534353998;802718033.0682629;5824440672.237341;305191781.11411005;;242515137.87;567831792.22;-41040829.9916746;;1014239430.1;5816076.2179;36686388.075;373654681.6;237123997.9
2017-03-01;3327223.545727;64377001.99148001;19998753.891;236976685.46324998;459655305.990145;844657987.0300001;462207625.871;278619352.453301;249393049.11299998;463628829.62;1656738614.4849734;53371154.72609;5941192.0971;;2030143.22947;16172006.511;20428934.450504;832155071.31085;5985783312.9946995;316104381.21581;;246838649.09;597819337.94;-43821273.6369438;;1031255914.1;5861003.2478;38362518.8041173;385438166.78;239642285.19
2017-04-01;6064532.086193;81447215.5541;20014320.775;223245045.86216104;442320394.32906914;861476280.22;462173273.32199997;265515987.28600004;234569150.39;466765177.01;1620681108.0527377;47785325.74621;5454924.9685;;1954881.99868;16053769.947;20108232.60728;792893679.7699022;5872153985.796343;303630685.87151;;252012440.61;609463839.61;-41596156.6805626;;1015414131.2;5432588.7013;37330670.412;374773873.39;229326001.03
2017-05-01;6505651.242372;65766683.42434;20219359.901;237103860.765569;497317085.732715;863860835.52;465297326.64684;281027272.54073006;243678536.07099998;471547512.8;1649571396.10133;53424227.227024;5822217.1967;;2033508.73508;16939789.323;21063720.95229;831048194.907712;6052150008.993901;319922829.9062;;249667475.05;614193360.47;-44276126.467177704;;1031029487.7;5714666.9649;38723977.05360783;386350294.83;232029096.02
2017-06-01;4157104.7617140003;65968512.03279;19796233.462;231871430.41661;488054131.5502;861101286.42;468668067.02211;277234456.0445;240735885.13099998;474285536.56;1671825685.8721097;52167736.378036;5719850.4962;;2100923.15976;16068921.294;20523999.436574;827352288.284195;6043717311.54828;316085263.22648007;;248437426.8;612663859.62;-40084375.644716;;1040225564.1;5486716.8838;38481775.963026;382280646.21;245435358.36
2017-07-01;6704296.493648;67963442.958553;20241513.91;238835535.00868002;496322456.498428;866289333.9100001;471837043.198795;285253459.48402;252353462.46799996;473047102.67;1682468985.014086;56514784.908879995;5842625.680199999;;2111113.93322;16420316.782;21047782.767481;844943079.309226;6126188246.990417;317991911.99520004;;247827957.84;618461376.07;-40199715.575914;;1046398403.1;5672721.021;38732054.949;390126142.88;241739378.64
2017-08-01;3026102.1995689995;71177948.14646299;17880100.188;244470239.644154;499071437.89776886;885070356.98;474536886.70272;287938211.813;250666987.051;464968814.09;1671113361.483265;58839545.08855;5973375.6313000005;;2174967.23975;16478389.494;21973159.602113;865095581.8709619;6160461892.826164;320006427.70355;;253479541.19;631590815.79;-39630047.938635;;1048901831.3;5649435.0729;38750714.089;389765072.04;227676356.92
2017-09-01;2087858.378002;67323204.47908299;19962775.903;234713489.00451;488789309.105923;875715917.23;473817141.418;282786626.444;248722167.15999997;502676618.05;1670618671.7222;50904749.98902;5908555.0474;;2130556.39213;17061518.692;20727254.382705998;840942097.965373;6122126403.932946;317237892.56960005;;251308643.9;624407273.33;-39523226.9342;;1048362632.4;5879754.8654;39053704.821;394265347.71;222580458.86
2017-10-01;2734650.8372380002;68946602.8434;18176517.486;240911602.07978994;494927290.5632071;864786850.89;472889196.702;285492509.06100005;243470955.665;482443602.05;1662165865.4088533;55202359.943129994;6106619.173099999;;2242414.35124;18076253.363;21398972.08549;861096099.0617961;6123603658.570605;322535297.00636005;;247205023.21;617581827.68;-40834387.850746;;1046143929.5;5581337.1263;38070909.85329911;387536781.75;225667295.03
2017-11-01;3863830.1802470004;69239476.8272;18642463.541;235999944.62984;490574817.56773597;877999332.6200001;476466220.41099995;276652481.95100003;245495757.162;459648486.13;1633501709.902444;50268200.62893999;5841399.4384;;2097890.52093;19115356.376;20759318.367201;851309930.543606;6056143885.492816;318667268.69527;;251327836.36;626671496.26;-39029344.6285559;;1036654202.0;5616889.309;37530801.082;383027249.61;209701912.53
2017-12-01;769267.1420160001;71064508.69084999;23113307.975;245392816.492558;518694632.5368401;874961566.09;479456115.816;290357122.24899995;252790787.721;475676796.47;1680791616.7829878;59291774.61336;6381219.900900001;;2262506.26204;19013070.448;21982270.181973003;892391413.1477611;6251918811.421788;337528018.90150005;;250598654.54;624362911.55;-44759001.4429122;;1066221619.0;5838094.2379;38560708.428;391351364.66;223578831.9
2018-01-01;2027298.46929;72144267.980707;20421116.557;232557358.62067002;775458214.3090299;878548772.8;480226474.852;275313464.6599309;250898745.85000002;513935736.8;1825345376.7163;48105616.6682323;6579725.2596;;2282432.93265;17487626.148;20765872.604396;886844586.2393379;6625400726.020514;316458038.55337;;255182171.76;623366601.04;99210960.93089998;;1072558824.9;5950586.6688;38131780.98660003;382157663.32;227335559.91
2018-02-01;3638598.7739419993;68170073.80684671;20786395.985;237301943.47161;436316417.886666;886957206.71;479316535.1330001;282608417.76100004;238894462.21199998;471679107.33;1665455753.4304717;55327907.49362;6820477.725900001;;2207703.27733;17978848.932;21319767.109098;852677951.2903143;6070336757.773439;322879189.44464;;260084311.46;626872895.25;-46374240.064728;;1067355851.3;5982346.8342;38504958.091;383169623.08;216817214.19
2018-03-01;4275626.158048;68606531.43181668;20974028.564;229179977.87993;445244466.7896501;912108989.45;481139535.186;276451517.509;245282804.47800002;492618591.74;1671343666.8682299;47729968.78813001;6618316.4744;;2247214.19569;18480312.332;21266174.925798;835884335.7170563;6099251276.447538;319799217.95979005;;266427885.73;645681103.72;-47287404.421501696;;1073556196.2;5803097.7286;37665566.76113166;390812949.0;210793261.6
2018-04-01;22849547.857631;74203695.92634001;20090617.808;245919600.84735;610151383.5311399;864624379.7500001;483488354.722;286938365.4119571;244195548.516;473034387.49;1652745628.9935107;58208109.00675;7379386.1456;;2437069.3437300003;18115635.096;22363659.871665;875517762.9484018;6289378268.136374;327115134.87029994;;250794647.51;613829732.24;-44257196.3973891;;1079787198.9;5431467.2489;39361025.192;380169636.83;192253497.22
2018-05-01;15952546.202699002;69375124.86213;17865169.449;225798609.12708998;443225269.5554321;889629988.36;484844430.48788005;277969580.6308599;244915214.493;485820761.88;1682546617.1366904;50100865.264268994;7063286.5147;;2362703.58335;18579324.283;22363924.207230996;854069596.641988;6114121136.155;321638123.47568;;262918734.56;626711253.8;-42219896.133009896;;1114366253.2;5327704.6797;38942173.6;377524182.46;188606199.33
2018-06-01;4297452.392179;91450386.82534999;20215399.81;238000603.2833;446447013.43403;910685931.62;487790023.78795004;285928952.21051;245799987.53100002;487121286.15;1644321790.2177014;53102145.860189;7461963.5499;;2325131.55371;18852290.567;21760978.596999;860810287.339609;6150702295.917707;324330671.18828;;264290258.35;646395673.27;-41979839.385910004;;1090662012.0;5275955.2214;38544143.52221144;377082989.58;174736529.28
2018-07-01;5658484.160401002;74118569.64521301;18196185.826;242714677.58808002;447403890.51528007;910134906.6899999;489393501.11899996;291612928.20371;245472513.403;487969191.42;1641929270.7424;59633300.7836372;7982481.7149;;2427656.2567200004;18265065.075;22427065.718870997;883177192.6035106;6178921382.623575;330404501.1578533;;264215358.22;645919548.47;-40010371.5514;;1090575876.7;5334018.6768;38102797.877;369958036.51;177968912.53
2018-08-01;3504058.9248440005;74260696.933293;18134245.146;239570063.28201997;445484023.1223279;918540657.92;497624891.52198285;289367168.01500005;245494578.73200002;510422746.41;1679635264.2164717;59842687.25579;8456229.2333;;2459567.6115800003;18887432.276;22803474.668912;876780742.7012688;6242240935.213181;330972407.2423899;;266801974.44;651738683.48;-36839098.422963;;1105767373.7;5467869.0746;37935100.78483482;373476343.48;193827675.6
2018-09-01;3627000.8347440003;74300076.63726299;19272255.302;233292701.15054;584349285.3516589;908329904.52;495737402.512;291480096.018;243487719.714;478952800.12;1642008361.6404808;55707556.030257;8052858.978700001;;2496381.95526;19539924.532;22347977.204184998;860838609.96594;6272040682.08172;328219769.61468995;;266543889.92;641786014.6;-33955512.983219095;;1089470994.0;5458979.0567;40556250.357;357615738.4;182861912.81
2018-10-01;5101456.589317999;74245756.75083469;19711387.989;242955515.02435;446726243.7344725;912797388.01;494988152.11800003;292828806.62975;241740706.311;503862033.14;1702393960.8771;57341376.16197;8269038.243299999;;2622508.43964;19128079.248;22951755.867211;871970656.7159218;6243684744.132919;324049922.28305;;269693172.31;643104215.7;-38008153.3319;;1128434413.9;5603276.261;43603788.148;378122290.67;184638345.23
2018-11-01;3222855.742634;76543324.13829668;20142187.059;234145918.41641;591694266.1083901;909503934.47;497192761.56200004;286011006.20900005;235353311.077;497339550.9;1664301946.081;53986771.4692;8002893.2585;;2384618.20241;19182341.174;22331394.592031;871497499.3526216;6309840755.474793;317004175.6623;;267110663.21;642393271.26;-36852468.222399995;;1109555278.0;5560056.2894;42932449.534;368004155.49;175102474.99
2018-12-01;1667776.3390539999;74915583.64479665;20899783.256;237861603.50078;584180983.6761916;915754176.2800001;500250844.79300004;285062021.937;227339557.621;494996906.96;1672988956.3972;56080055.44794001;8161791.4282;;2577213.5885;11433388.729;23073085.019457;865851645.7712308;6302741058.686459;319645684.29710996;;272558202.6;643195973.68;-37311061.363699995;;1121145016.5;5565315.4829;41822694.378;352662894.17;189104097.23
2019-01-01;12970818.015747001;101518936.53222898;14466565.995;233440311.00698;774626985.933122;919187074.01;499002740.06200004;288624348.1394;246420737.053;517652361.18;1780439702.4056997;53894888.12192;8680911.310800001;;2574356.98166;19281754.156;22754271.071121003;912228537.6331351;6718736852.800605;310971553.1927899;;280816378.5;638370695.51;67253721.3857;1537911867.7;;;;;175274113.32
2019-02-01;2048494.0153470002;77809294.18149;18987423.036;237997128.36576998;447726203.9082853;921710740.25;499995797.00649995;289373007.7827;249158439.97300002;502669347.58;1676416829.8628998;55999367.28770799;8857814.294799998;;2574044.54837;18819657.286;23521661.728034005;871038458.113906;6226209601.57588;321505892.35507;;276297743.33;645412996.92;-43211099.4571;1543505341.6;;;;;176122587.72
2019-03-01;2096664.5042530003;79764011.31416601;18912633.179;252744510.66777003;432521984.9889562;915252602.94;502968861.13904905;293721053.23349994;251354328.98799998;500259394.09;1643486698.2598753;55487925.00084;8832778.5953;;2616319.56998;19040753.539;24101834.417111997;869831362.546888;6187389753.925971;314396036.95228004;;277979117.99;637273484.95;-39081970.310124494;1512057561.3;;;;;170511107.27
2019-04-01;7466070.811864001;75723948.41381;19635676.002;234514919.68714002;445436741.6074;950564515.01;504926164.02599996;293120305.37654006;246154908.30200002;512903542.32;1694467491.1628745;55917272.93851;8793748.3144;;2667874.49113;19339179.392;24700570.201302998;873035863.7082019;6289960791.555353;320591999.79018;;286407774.93;664156740.0799999;-41017288.1171257;1552847587.5;;;;;182637191.78
2019-05-01;6839532.516732;78992862.09786;17855867.675;243253332.19211;442956372.5304;968645194.4100001;510723183.32826;296582628.21579003;252166257.222;511350294.01;1657265943.6389012;55264334.09925;8625522.6203;;2575821.19966;19243777.75;24559707.483242;875247083.1375557;6289669686.929732;317521972.80267;;292231936.16;676413258.25;-40397926.34109878;1522113570.7;;;;;175550299.28
2019-06-01;3802331.051786;81868604.34617;18255388.93;243900617.59504002;596729824.81993;926197486.22;508980652.16435003;290739162.35072;247844853.155;510063073.31;1681952259.3209853;54922868.902890004;8716618.957799999;;2727010.0760899996;19626572.588;24171294.268893;865402363.0828633;6397252344.3209;311351363.18038;;281747433.13;644450053.09;-37594866.33901494;1543715003.4;;;;;175832122.26
2019-07-01;2850507.696784;84679045.52397;18067573.269;247309802.09191;445766983.3306;951789130.45;511334245.814665;295929660.54072005;249141965.16199997;511015002.33;1692457603.035041;60744213.76132999;9503975.7475;;2707509.0016699997;19477001.044;24676522.072754998;894979127.505442;6345441476.047077;323011607.66969;;287140834.25;664648296.2;-41147286.234959;1556998822.4;;;;;176606066.87
2019-08-01;1587676.9099730002;82216555.70683;18477476.089;241605045.62227997;436905449.31316996;971036587.16;516632682.0009999;298345105.2771;254050107.77999997;526366208.18;1723145466.2845738;60127177.49526;9562063.287;;2682566.5788999996;19188582.728;25279627.292215;888906112.1829098;6395462307.373532;319347817.4853199;;292851576.55;678185010.61;-36562559.16542612;1585197633.1;;;;;174510392.35
2019-09-01;4078052.923205001;90068573.32026601;20138200.37;248835202.390394;593583022.8935969;946069513.52;515517190.847;302484402.218;244128842.56200004;507513614.71;1688983512.393;59095422.01298001;9506243.5221;;2818588.6068100003;20363599.427;25547077.673024002;897347411.3986208;6500977051.539066;324898580.75107;;284095163.72;661974349.8;-37883882.187;1555025135.0;;;;;171842259.58
2019-10-01;3137421.610896;81225400.416348;16622607.445;242381631.97123;429129330.54556996;965688742.4100001;512878175.138;294714906.42612;241782127.1521;514464127.71;1700837331.7298996;56156121.10521;9128413.945099998;;2815680.65568;20842524.301;25367614.929277997;881990474.8996699;6323452945.884191;324290313.49309003;;294484187.91;671204554.5;-38110113.4901;1569716072.3;;;;;165538130.56
2019-11-01;4896982.762305;88190501.36859001;21052020.699;247641747.88720995;602737685.48499;977924597.3499999;518596631.301;300576029.93158;256013704.427;536789175.27;1739017333.0177999;58610540.30103;9551043.633399999;;2810865.9993000003;21312664.471;26012745.436460998;900005967.728357;6643442806.889225;331702569.82019997;;297668273.13;680256324.22;-36709517.8722;1606056032.9;;;;;164237513.64
2019-12-01;1940987.804399;78754593.44807701;15236206.719;245884451.4157;630126342.690548;950674710.3799999;519965313.4265;294287106.78954;251370979.4794;509635079.74;1690402807.4074;56314074.936836995;9074571.4634;;2891233.13903;40508720.172;26099317.31032;899426206.86667;6550731788.579101;328139085.39027995;;284969622.99;665705087.39;-38503608.18260001;1564418318.3;;;;;163333267.51
2020-01-01;30999389.295799997;116349186.35338603;22904109.612;268333988.42569196;847530296.2196879;1008542178.8970001;548620215.1312759;316705711.60520005;270478417.55300003;543182348.51;1872054920.6944995;60921817.782800004;9752071.0336;;3052635.57533;20170355.238;27739930.955381997;1027327538.5397611;7341258302.336845;346593190.91442996;299341130.87;;709201048.0270001;23351152.9745;1676733913.1;;;;;171969854.62
2020-02-01;5353418.807647;91245625.181931;19563437.214;272428452.58405;463707156.6084;1025685347.8829999;556142482.76532;317065497.162;269395217.39800006;555947645.5;1846899750.3498;58077726.103819996;9818802.0079;;3006494.24688;20025361.258;27041305.841397;956914305.978994;6837808793.322988;339490766.43185;299490045.04;;726195302.8429999;-41187208.9602;1720890983.4;;;;;167195975.91
2020-03-01;2995445.6834889995;56681813.529599994;5103099.1207;145204013.24589399;398165132.40101;1856585659.1580002;552984608.765;161788933.00544;192085721.58210003;487351127.56;1913335429.0835998;27693995.354078;4580712.11633;;1593699.47716;19269953.934;21843665.000519;628782738.361087;6719140643.684728;243094896.30671996;296771490.91;;1559814168.2480001;-45442159.3164;1778859299.3;;;;;179918289.1
2020-04-01;6945553.5265988;35975961.929005004;1703.9590629;35142114.92335506;343279407.2557799;1777311530.9710002;550514658.91014;59374544.09355;192561043.1884;450357518.28;1654931345.9857;12822743.380591001;548100.733882;;173357.35094499998;18598191.124;20788339.786159;419603970.28427994;5758351145.466957;179421059.78451;280000730.12;;1497310800.851;-35664916.554299995;1524162468.9;;;;;166433793.64
2020-05-01;4294782.985993;79166216.622444;0.0;361030074.973045;469855574.1678999;1211070869.237;578682761.5179999;270946733.62935;289457004.172;496491164.77;1745659478.9628;42983052.35980001;7716867.495999999;;4030150.8667200003;19010805.49;26571446.854785;953412296.7434059;6816657082.044253;256277801.19500998;285137582.41;;925933286.827;-17673019.797199998;1598523561.8;;;;;164808936.96
2020-06-01;3309038.8486510003;137668318.15106;331782.15041;328177189.57089406;671425694.7937801;1042205243.852;582118105.5150039;322390078.93914;341046888.638;539426854.65;1833842932.4563;58916759.751789995;10724081.980700001;;3189404.6343;19268947.173;29733212.896187;1057455492.263936;7339754936.367212;358524910.10206;279506366.56;;762698877.2919999;-19358554.923699997;1674720207.3;;;;;178481280.08
2020-07-01;3683809.762368;116344740.93360698;8875756.4233;302967707.78502095;482425474.67791;1022767596.054;590763910.9332001;333657054.82298;401368361.20500004;582456286.76;1874896305.0430002;66611609.68344999;11190551.0722;;2497640.36039;18718645.245;29207111.959026;1066922317.8516251;7277297637.484588;361942756.91251;301174071.93;;721593524.124;-28864465.117000006;1717074302.9;;;;;186686467.26
2020-08-01;1833764.7542710002;103014758.729388;16004683.547;312914694.14619803;467845114.18389195;1055448028.1689999;596446899.0372;338082331.4464;509251953.611;566178653.12;1891632328.1165;74374265.7905;11656072.252600001;;3611368.21984;18573012.099;28598670.268559;1034535158.2266239;7377586332.341771;347584576.6238;303703339.66;;751744688.509;-41505256.4835;1743261108.3;;;;;189876476.3
2020-09-01;4534729.852219999;98591352.79939602;12798569.156;278431356.29697096;639742213.4009999;1126412247.4680002;601227716.339;324633703.6596001;542759749.38;565424031.69;1888391734.4441001;60836885.12168;10926127.6631;;3397431.6602200004;18986850.553;28708662.143264;1003001465.2340009;7553811382.073393;345006555.21184003;319881627.05;;806530620.418;-43220155.99590001;1734340450.5;;;;;197271439.94
2020-10-01;4851612.886263;94923439.00858797;12144958.195;261354786.03656003;446800706.15209997;1147655522.8980002;614281313.3624;319462476.1516;644965247.307;575984552.1;1936471718.5223;57293103.229669996;10555317.5547;;2683356.92817;19465919.695;28417146.082912996;962914966.3821671;7476434047.547411;336207905.05498004;311488274.61;;836167248.288;-30430339.447700005;1776203841.3;;;;;190698216.67
2020-11-01;3448653.0656390004;101706291.506574;464941.31158;301875401.375266;630726143.12284;1114353389.482;617928434.6151999;340149531.84742004;617728001.9629999;557104893.81;1926059951.8709998;64099707.129269995;11395691.8997;;3533811.29835;19192443.071;30800262.638540003;981197423.698343;7657817965.584722;336052991.87899995;294345327.61;;820008061.872;-36194843.339;1768001167.3;;;;;194253627.91
2020-12-01;7484339.5380069995;108106899.49660999;4314.2997046;288432028.22694993;633207666.8282001;1094855662.9359999;621542384.1630001;333863414.891;587216950.416;590255488.37;1983098632.0479999;62885618.03859;11802055.9482;;3506846.94184;17426063.346;29802389.145459;989206271.481357;7700430414.031917;337733387.917;317611518.78;;777244144.156;-40739803.522;1830065729.6;;;;;193772705.97
2021-01-01;316579959.615534;141529840.37925202;144638.7238;297322008.087215;882424793.2572;1092686977.5609999;627586650.39226;332732998.0628;702732054.5229998;547989227.01;2011853119.8224998;65735554.7209;11666079.2669;130.0;2987175.2586;19849243.567;30358608.084833004;1088489490.53896;8529294833.043795;356626284.17204;311584484.18;;781102493.3809999;24374268.4045;1795128836.6679997;;;;;192350014.75
2021-02-01;36561855.257621;103413558.630664;3990.3206873;292198903.960007;444938005.3094;1108752810.48;628601644.45966;325910451.67318004;596277222.7179999;572043579.71;1922835083.4286;63896774.40952;11310069.0055;472.0;3400609.9225399997;20683305.682;30325973.571474;977377865.3490101;7487907750.511324;349375574.62346005;317519477.75;;791233332.73;-38329424.1844;1772113205.773;;;;;189051301.84
2021-03-01;88893329.60517499;106574922.904887;2615.3706616;291520010.102772;481409780.17930007;1153258264.5449998;642445706.802;329723480.363;766550141.7839999;571901015.11;2055607565.2432003;62286128.04020999;11609092.2808;484.0;3415072.90899;21110793.556;31362705.361388;1004182718.9921199;8002082311.785603;380228484.63609993;311925726.19;;841332538.355;-41224513.62279999;1905872372.976;;;;;190959705.89
2021-04-01;101311056.71891901;108510070.48896897;578.24795688;280559596.12425107;461669087.56818;1177601236.588;645721278.9029999;334237992.1032001;582946470.1977;593808565.01;2055696883.24852;61569955.05160999;11411676.134599999;416.0;2957577.94214;20810837.517;31145927.457054004;975579235.78186;7818163955.75241;372625514.66945;311099082.37;;866502154.2179999;-41147494.46948001;1899958803.738;;;;;196885573.98
2021-05-01;110035025.775958;107957004.08773;4483553.4011;292487018.12900203;448231037.3437601;1139463523.736;629067976.3579999;325736359.38845;575741239.2893;593917777.9;2013057440.5210998;60105611.87815;11690292.9093;1052.0;3426673.34535;21826016.776;30404301.264485996;984440047.6075;7723329868.596117;371257916.88493;312448782.73;;827014741.006;-40488214.4949;1856843888.006;;;;;196701767.01
2021-06-01;121665411.283775;113322047.239273;14086750.651;300034529.519666;630530818.6789998;1094834180.2870002;616544570.16818;328957485.66;577298545.427;595614857.27;2024275143.3478997;62336595.78822;11920086.245;15408.0;3563744.1119199996;20804353.032;30705797.12013;1013370305.1715801;7942629707.473694;382749078.47204995;317794492.81;;777039687.477;-42110797.053100005;1870155285.1609998;;;;;196230655.24
2021-07-01;114109283.126429;109035775.66510701;15687597.02;284170494.020675;456955844.80670995;1154242454.7940001;624432972.10546;327177473.0154;512718122.6143;595013350.5;2139384337.8116;60153086.861949995;11556270.7347;33620.0;3305571.20268;18389533.72;30932799.801527005;988192437.1904999;7824688860.164008;379197835.17297;327461566.55;;826780888.244;-41976123.1284;1987711672.43;;;;;193648788.51
2021-08-01;85604844.235384;117462350.530342;18869334.396;280092845.537203;460743377.9644901;1141029587.03;640379791.878;327249298.883;534486084.577;540524674.99;2282472576.6749997;62519561.02663;12444224.9756;30456.0;3761815.9138100003;17637308.153;30795896.481536005;998161451.2505;7934860032.210254;380594551.71276;308806544.24;;832223042.79;-42888391.791;2136801478.2759998;;;;;188559490.19
2021-09-01;65686441.914367005;117329062.92525601;18435452.625;284213990.981117;622330769.6547999;1162986940.214;626605366.425;331053448.29971004;418898107.33398;612087777.14;2272562278.524;59900357.48973;11647988.6248;79754.0;3745013.55964;19152766.963;31717282.521886;998443157.69809;8037831969.326637;380956012.43226004;322594528.94;;840392411.2739999;-41499380.166999996;2122369914.321;;;;;191691744.37
2021-10-01;40227931.222434;114357772.95630997;21532215.959;289687781.052598;467902065.3134;1159611114.705;612900567.709;334384057.26987004;391369152.51186997;592238102.92;2159612532.262;62932592.74782;11922544.1291;101405.53;3591913.54652;19627974.824;32186544.880566996;1010665400.4563402;7710580994.270439;385729324.27461;331199842.71;;828411271.995;-36081710.925000004;2007307990.6569998;;;;;188386252.53
2021-11-01;51108887.883728996;117602619.39780402;21151622.455;285650270.623601;642492238.5363;1167859588.855;616259110.8470001;320191911.14900005;451329276.55200005;599593374.16;2233608518.102;53158191.68671999;11173157.9377;108399.31;3950176.40081;20450463.138;31620569.023865;999755098.12799;8010794805.61109;383731331.4245701;332500493.54;;835359095.3149999;-29978266.771000005;2068341022.503;;;;;195245762.37
2021-12-01;118307032.144676;111893642.883358;4079468.3452;267572546.357204;448626969.88934004;1273569517.753;653626876.9629998;312657889.39100003;644698994.5516999;594098105.71;2378172735.5389996;50404577.934957005;10641918.5397;106151.16;3720846.12469;27605583.016;30309733.763179;957855962.3634098;8259213981.504813;371265429.0754;329202955.98;;944366561.773;-38088830.163;2228454974.2720003;;;;;187806591.43
2022-01-01;335111436.002081;;12467601.479;340567639.633585;924179762.5167701;1644473118.196;738706255.0499301;327855847.5425;828242521.729;559071061.46;2784524355.0620003;56426073.424210005;14589737.1556;189573.8;3961032.12951;7791574.692;34374026.938841;1126214138.1897;10116158381.329206;377412626.32847995;;330110686.23;1314362431.966;-37941820.538;2640130566.85;;;;;182335608.75
2022-02-01;78042024.681115;;10948892.81;338744040.098084;433890388.54690003;1299040182.75;652720679.7615;322365143.77295;444909513.653436;561719236.35;2280124847.9219;58524190.51808;15461067.0123;1826.4;4178103.6202300005;7662375.0964;33578774.172547;1018197998.29526;7941780786.842788;381671501.3820841;;327130108.86;971910073.89;-39615572.8561;2129518934.788;;;;;190221485.99
2022-03-01;58264857.021441996;;12419838.774;343799455.37634593;479484402.2709001;1275214968.2660003;642954092.4123999;329776660.18899995;415650160.5065;625531684.66;2249664082.0820007;60645900.35097001;15702059.3797;1560.0;4037064.1888;7522753.1537;33777465.731467;1047795020.3813;7995384234.227597;393142209.4830701;;343273302.66;931941665.606;-41641178.204;2106832754.266;;;;;184472506.02
2022-04-01;52219322.19185799;;11164514.492;328321341.620787;478090181.5651;1314156785.2519999;645765077.4330399;318679250.05946004;422379071.832152;593965144.72;2193816628.1750007;57777590.51229;15584311.9265;245644.17;4060091.25839;7621600.2228;33026335.195063002;1025219381.92098;7894574431.989291;392482159.4418699;;347995420.63;966161364.622;-42030012.98399999;2054541222.9190001;;;;;181305418.24
2022-05-01;51206412.54367;;17208084.187;347530665.7579389;471623489.67089987;1204697955.701;629511782.7187299;334505501.56123996;341577714.144;579342717.08;2096621759.9040003;60538472.81569;15969263.7536;731993.54;4220573.19687;7757931.327;33551389.437996;1056748361.8112102;7650132900.6915245;396788831.54068;;335841230.61;868856725.0910001;-41021312.849;1971431439.573;;;;;166211633.18
2022-06-01;55237938.440434;;14739844.528;342555252.46822596;665411978.5077;1292798465.381;642028862.1237999;333906660.90061;368705648.57677007;606580767.27;2204066211.6619997;60510997.140999995;16193148.3575;998668.76;4119888.04102;7707656.1906;34059877.819983;1054046910.3468702;8105518173.800046;401849397.28453004;;341100355.67;951698109.7110001;-43399658.321;2065608326.493;;;;;181857543.49
2022-07-01;64447404.896399;;14368096.85;345822609.93393403;476726729.39525;1348276832.04;644231440.8867999;327045770.40812004;412873908.60954005;607182087.66;2186762502.8738;61450281.89247999;17225746.1745;818166.48;4200248.77252;7829883.9818;33191663.878859;1041164381.21826;8004644014.401511;411026258.44925;;342447487.17;1005829344.8699999;-43034726.9562;2052816096.49;;;;;176981133.34
2022-08-01;47019023.86778;;18671998.682;376794384.716753;474335104.4151;1240462006.049;632628497.8241;345774175.89101005;339424042.66999996;643597992.38;2197437010.9498;69816341.16683999;20234896.0949;622220.44;4483929.11701;7986379.1192;34260435.290644;1089883295.5613399;7955001807.003477;411570072.76799995;;351974623.13;888487382.919;-43324581.5202;2054667580.9;;;;;186094011.57
2022-09-01;66732751.475181006;;16536729.298;353681730.03013504;647950395.5742;1263527801.979;639955085.0569;346155922.2166;335514801.3844;609803077.1;2178053412.4324;64415799.87042;17521847.698099997;1200899.82;4274476.82786;7995599.6718;35156903.566204995;1071325558.00367;8069213291.6991415;409410499.69426996;;342495353.18;921032448.7989999;-42550434.56559999;2038754288.0379999;;;;;181745358.31
2022-10-01;60316665.13887499;;19093619.984;351653553.788737;477470714.9028001;1274443462.165;647708914.8201;345012978.143;346832229.31999993;612622965.48;2182258905.5702;65761579.316209994;17769615.4085;1196684.3;4389624.209650001;7779906.3957;34603046.573589;1069003305.8042198;7946770543.62879;428852772.3082082;;332879953.86;941563508.3050001;-35678777.3038;2037961347.4239998;;;;;179787435.89
2022-11-01;54632755.454769;;14863599.216;360958442.82545006;662166236.2022;1278256907.692;643254278.3115001;351681352.49813;332232557.655;629784073.47;2228927443.673;59507306.49441;17028764.3315;1201335.96;4610163.901219999;7611184.785;34370920.979396;1086874906.3265798;8180536526.499169;412574296.72301406;;352633173.34;925623734.352;-26776318.463;2033565529.762;;;;;185338519.22
2022-12-01;70976509.190015;;4935419.7941;340114603.52525604;698269078.83737;1311110708.833;649572057.6982;335331125.9968;337076344.9702;607498742.81;2210407733.964;56963668.85840999;16962017.3422;915700.87;4286928.743430001;6446474.8939;33948210.32151;1040575126.53823;8125320312.015215;399929858.828594;;339838402.86;971272305.973;-36353661.331;2001960773.221;;;;;181834419.7
2023-01-01;205629781.6363387;;336208.43;364101761.54047525;941363481.41771;1213798874.926004;635630357.7709037;356567107.4818743;303164709.8083245;618596407.4514725;2225529247.7807226;64866247.47975861;18204411.719913356;1390655.7701246333;4650876.912670688;3300726.398670459;35824975.569159515;1219580615.1583457;8642759100.57153;430222653.31905997;354915971.8872934;;858882903.0387104;-40603768.58917508;2094719960.2106905;;;;;171413056.15920627
2023-02-01;48943255.08031209;;2818852.26;356592900.1713682;462463515.42253387;1207678740.0943546;637258778.7426498;350008675.77685153;289389589.5993247;627449363.0434688;2211293898.273437;63026718.45110297;18129830.382367652;2002452.6448774913;4575068.197764555;3694855.751910428;34887819.64607779;1091515840.4017673;7835847103.545356;424116949.6051886;349933457.16796225;;857745282.9263923;-41160506.18854572;2079464017.4228797;;;;;172990387.0391029
2023-03-01;50530397.271964714;;11207724.360000018;360117961.67126185;462608689.99682593;1217451417.6674511;638744152.6577908;352885375.3524847;286513119.50834095;623143611.8877457;2201078647.714581;63490480.79644049;17879562.40846328;2566299.2001824444;4551161.28792934;3678622.9035924673;35132144.049904026;1101477208.8403554;7869793749.346563;436737171.7712499;356138933.7399401;;861312483.9275112;-40712197.22482695;2070423055.7385232;;;;;171367789.20088467
2023-04-01;52055386.087944485;;18425471.960000012;352065574.7597049;461962611.9329452;1245465305.616646;637832621.1546471;349680766.83171624;272789743.61832994;614851128.2350602;2212750239.6622195;64439122.372325316;18135196.491130568;1876846.4478194911;4804833.223002722;3183467.8746044873;34559133.19474912;1098777223.6272366;7873397025.282491;429742352.1924105;363024339.88987046;;882440965.7267755;-40160756.58892671;2092867686.9132383;;;;;160043309.33790806
2023-05-01;44839561.12598644;;25320828.81000001;370740492.02640766;483228254.2989662;1233461137.520386;640835168.5948448;359929991.99391925;277985100.85656637;641261064.5935645;2254116488.052165;66062827.209704414;18828650.359302077;1663362.1749413945;4772985.427433567;3515138.2644302044;36154146.27413957;1116259162.6964579;8018739229.976762;439764869.6975467;363133447.93431157;;870327689.5860745;-42833269.909688935;2129662045.0897584;;;;;167287712.87209517
2023-06-01;47673299.44461635;;23748169.159999963;364844819.47895443;664568637.3826121;1250534429.0124547;636734684.2102633;357824184.57522947;273945577.3303747;631424873.1410595;2215251822.842173;65257770.76822767;17933702.631666496;1533496.4640682326;4759309.894046131;3712341.9168769103;35854453.50278252;1111859033.4695618;8142530016.356306;435069411.13133883;363328946.17423934;;887205482.8382156;-41391884.79721898;2090714271.4718282;;;;;165929436.16756418
2023-07-01;45390945.49131762;;23839383.859999996;378557829.4673566;476227139.8187571;1242894994.1750803;639704102.2706267;369836607.07842666;275801696.55794245;629194060.1059313;2251805897.530461;71285119.4934304;19332820.248516798;1105647.1483955176;4946776.810514738;4354761.101653121;35746358.55841501;1141920816.1906664;8046941735.449608;434996779.54211676;359813448.4779261;;883081545.6971543;-41021108.6794686;2124882557.9192169;;;;;167944448.2907127
2023-08-01;41476668.68285115;;23142414.949999984;383874872.2776633;478291942.2673072;1283354279.246633;639277695.0938009;364053333.9694465;275698660.47628725;650656039.6212916;2275840416.292631;71213377.29434915;19156564.75783537;923163.7061983354;4886980.481787719;4645196.520255877;35898498.05333849;1140004618.567662;8134677000.080899;442282277.8215605;383747017.2373239;;899607262.009309;-42321498.500610806;2140043542.4723587;;;;;178118372.3208835
2023-09-01;48590600.942396656;;31581031.840000037;376645744.22327477;657687989.6121339;1280356890.6674738;648085215.4316955;363315556.02562034;281059841.4086624;645114717.3568261;2273485594.628692;66457767.87697839;17530799.928703755;1245340.749641525;4927472.721735518;3478493.687341999;36243899.41922384;1126370238.7841218;8297879870.026342;435702674.7218202;376352208.6031245;;904004682.0643494;-41150716.83977415;2142020416.9695542;;;;;172615894.4989122
2023-10-01;66103453.35062787;;30022913.80000007;348862305.9638121;470459902.87957954;1246749792.8284004;653491533.8778263;363878329.2274909;275746210.7067726;637129589.5832726;2307026495.481056;67567437.05778958;18177275.64473009;1341123.8337051508;5124698.738777432;3324097.8168294793;36305848.15046371;1134605702.3246472;8101929443.646496;436012732.38071287;368128772.4626269;;878621020.3657734;-30142500.31490388;2166506812.8808904;;;;;170662182.91506958
2023-11-01;62342007.306589045;;13790122.509999968;324760524.02616525;664720874.032992;1312716223.898169;657122687.8243951;357279834.3806932;278505198.5301251;648796564.1343606;2279863947.769822;64081436.94210423;17878162.64152462;1344812.2918026901;5001582.199480482;3171916.4834161224;35998260.72451926;1133087463.4306679;8310121203.113777;449659583.98694944;392696533.37728965;;920019690.5208793;-24511908.96574907;2137302765.1569164;;;;;167073091.57865477
2023-12-01;64432083.3598265;;659324.4;343936053.73433095;734692311.4342804;1286329720.7672346;668029021.6486877;373024393.14101684;289829015.5066392;662473573.007826;2379546009.729846;75234412.80410701;19878655.810598493;1043993.7413334332;5352548.841784803;3237919.2387861162;38880883.7350637;1200140933.2272327;8608270524.532173;461549670.4035793;386593447.2570824;;899736273.5101522;-38327091.2735518;2235985172.407955;;;;;181887928.595443
2024-01-01;186102684.54165748;;24657837.225797284;335291483.33282626;1033737072.0230752;1276612444.816085;713040429.2086494;377327520.2171096;286511327.3594574;684991812.1077523;2422689859.9520807;66974206.006269075;19757416.49441112;1811130.2692735775;5452078.8747092495;4516187.2187001845;39898880.850458674;1282130905.4222205;9224831910.687647;463328634.7671111;377265999.3475552;;899346445.4685298;-41050235.01462752;2283017403.854892;;;;;180722691.11181656
2024-02-01;55139427.92709484;;25401462.163097728;348836901.6080034;531786714.4469583;1322936334.6331546;725974597.5098288;396123694.22408974;282698108.029914;689550537.8681868;2397162043.241195;75045279.31506492;20732179.35303007;1990395.25108349;5686066.470534359;4662833.334146056;41775969.213099465;1203512008.3621478;8610236390.757566;481221837.8069365;395686802.715886;;927249531.9172688;-41840368.87816614;2263837722.620399;;;;;175164689.49896225
2024-03-01;54077776.593064085;;22343597.517988306;345081777.4130435;508329501.76978976;1350363460.77206;724418072.65992;393935858.0410635;281128599.1365162;688906070.3736169;2361119399.2939167;70949619.2642056;20402813.19450452;1790775.0604619288;5899636.62199639;4537633.4016508525;42747689.83114096;1187732205.0335996;8531716978.818834;467952492.8402954;403587961.305736;;946775499.4663237;-39945133.04646496;2234331367.150737;;;;;166733165.18964478
2024-04-01;71944846.81917444;;24460614.76462453;355729073.15961194;526906428.31450635;1322380801.9541829;721828064.2806414;399022171.9254943;287263523.8571848;697411580.6095967;2373066862.8199296;74260802.36284074;20364747.743589558;2023135.562963057;6787003.03338763;4786807.928164748;43861695.46034695;1209753016.01528;8620146659.110361;478295482.49884117;397990840.2094129;;924389961.7447699;-84863939.87946966;2281902260.6965714;;;;;176028542.00282827
2024-05-01;52928451.54895956;;17567092.604427494;347587060.4408927;508614501.6733514;1330211599.5952387;724886675.1380405;392979170.16192055;275340454.56904477;712145157.4277695;2393718184.056182;72956638.70362234;20391296.472864714;1991686.0959324578;6549778.364701637;4651058.216789263;43754215.06690026;1194403521.0436378;8574408145.224189;473731604.0439144;409220097.8569261;;920991501.7383126;-81084164.05563931;2293730285.1777186;;;;;181072062.93410254
2024-06-01;56364699.936051816;;17328389.925532635;347184367.51649773;706886434.3048877;1374660100.3616452;729436125.3537881;394441830.90117556;269214478.8327952;690060769.6416892;2352334765.776418;72888721.38812129;20440960.254898675;2395320.201705759;6326158.192000594;4651248.120398401;42346799.76277099;1176109049.5007353;8734734613.910992;471664393.9398781;412392397.95526457;;962267702.4063808;-72593711.12609136;2254586454.8533864;;;;;170342022.04912344
2024-07-01;61182618.73028475;;16778652.167172335;354242195.427835;505399175.9716029;1370119268.6184247;731097759.5554222;399570788.68352383;273337406.8460984;693992770.0696406;2398903743.884981;75332692.27060592;21007406.38436601;4255481.317321446;6566078.274427831;4985363.589206925;43526917.0453313;1211142436.9111805;8655638977.718683;484198221.9712585;415637381.20917255;;954481887.409252;-67067403.88290511;2291067567.668782;;;;;174903580.09910417
2024-08-01;47572633.25251456;;15854393.93311648;353734719.95485306;500262095.2923781;1387602317.1981165;736423611.9137243;399116476.7771637;273295897.20688224;727416792.2987123;2421499545.6726265;74226527.82958643;21524604.82479644;4220287.935883899;6605612.810718963;4982818.02795142;43798915.99891131;1203213542.1546857;8699669225.51289;478318432.4302685;421028471.74187636;;966573845.4562402;-62770836.50111318;2310226527.2257786;;;;;174043854.94796142
2024-09-01;58732846.191820554;;18119320.10653025;354663310.918115;714987094.1826518;1363834135.2861485;739038610.7501273;404365074.0401306;249968002.36679238;700975710.0524721;2432379336.332457;74765801.22668554;21582123.486860186;4513135.845380144;6663112.182096396;4919423.554314725;44209103.802989274;1214210211.5950613;8892933122.781963;485006770.86132765;415622428.93059504;;948211706.3555534;-61311173.42846588;2321550854.420682;;;;;172139655.34024104
2024-10-01;69702001.7937647;;16036211.000529228;351903526.2574022;498925517.56466484;1370628112.7342353;740064916.2580464;400572675.83177334;253562002.75380743;719042699.2184093;2503938378.062449;73561128.29789114;21644522.07053602;4920162.913476834;6842832.203565881;4892111.748410007;44122507.35310395;1206427319.2814636;8771942023.960043;485155398.61651725;422489352.4713626;;948138760.2628727;-47569322.79721091;2378086918.115312;;;;;173420782.74434766
2024-11-01;75419125.80122955;;20371986.178503808;358580129.65429;701908577.7068809;1398997323.058603;740261125.0902127;409377370.2183668;256223301.7987174;716641132.8245701;2513259991.2307143;74121859.7374854;22219715.88612704;4953495.9862239715;6996851.117081025;4797663.187800553;45219144.08987534;1236118158.7544978;9073226862.149538;487759909.8283583;429320348.2904315;;969676974.7681715;-39079428.2619041;2379886240.9549594;;;;;172453178.53765908
2024-12-01;68479939.86784464;;16643453.629041985;360061909.51076925;774012784.8236198;1375323481.5148258;739489321.0947791;400312651.30710995;256245463.48138604;713680272.7973849;2489522455.542248;75485151.26704694;22263351.317450322;5164890.425132814;7010379.90183091;4713324.863656767;45490203.81205064;1232418557.9854884;9067838118.845825;481520525.7041584;423172236.1753135;;952151245.3395125;-52563656.00408382;2368454385.313236;;;;;173631726.23309538
2025-01-01;322325425.1241195;;26837387.193041213;367241062.9926017;1123681977.4041784;1382685324.5317733;741358062.3015606;403205630.8071817;247966492.2954941;727309657.4999871;2478224131.06958;76522978.94730069;22046722.330033503;7357974.951739877;7415705.5253984025;7089462.133130161;46318911.83315264;1381744619.1740658;9860256228.878635;490924702.76429635;424619517.8339277;;958065806.6978459;-82516281.1981647;2382930081.13621;;;;;177810331.13153476
2025-02-01;71907407.49221283;;28274447.743169855;365543843.7384951;553717966.474636;1437340675.4857643;742442285.9915981;408606564.3051341;243351078.5292295;724483395.2577845;2458835083.424839;72661704.44402374;21338302.282431595;7001919.852299365;7119208.943185057;6664792.197992138;44721080.62641663;1236094531.352596;8917683205.18396;487578917.04215086;443227557.2867834;;994113118.1989808;-79570788.73375785;2363163652.2684827;;;;;175242219.89011434
2025-03-01;65347407.84079416;;30492263.68958052;364419119.2557906;540630636.8722548;1448776173.7407575;741953691.0219754;411577901.79739535;253159853.4373271;680375407.1993024;2453906537.068344;74915408.2092753;21602504.408516895;7315092.178063105;6737477.6372211445;6979537.239247077;44519063.04986334;1256191435.069601;8897739017.842854;488839508.1275449;444544495.93413424;;1004231677.8066232;-70198229.15892012;2350016175.5962787;;;;;174088590.63098583
2025-04-01;76315308.11859801;;21876618.517934166;373365015.29182184;540874206.7203612;1425878200.307974;743390053.806755;412471434.0864643;260335663.70071328;778094684.466611;2527607634.7280784;74932504.50799426;22100663.88250232;8422736.409751212;7431458.892243148;6421827.720394703;44762517.555900045;1253945198.5801115;9070280313.95311;492054586.6589007;458501188.56604886;;967377011.7419254;-63582393.47311116;2410633677.0194616;;;;;180556351.1817281
2025-05-01;65978095.69377265;;17530503.36002402;367428379.5895667;539975265.3208787;1452210545.6441023;743256853.3948548;417026145.4651949;259363089.10147008;733700504.1529692;2499680196.92618;75604689.3673434;22076270.126326747;8802405.935872141;7223360.790332912;7169482.490814239;44536246.1681972;1275834716.426119;9012358429.925083;474961679.97106594;464248635.3851493;;987961910.2589529;-60463030.011995934;2381148255.0798764;;;;;178994971.8582992
2025-06-01;67267796.62523818;;18424456.334317975;369366151.94022036;756277821.5592393;1398926418.3174288;751153198.0904886;420495755.214974;263963286.73723292;733283471.7104218;2561682005.982945;75423248.5826746;21899843.03359543;7411307.590299695;7397207.007466797;6705732.09827253;45793030.09555071;1271542184.3057868;9265860843.097849;488847927.87169456;452115237.37861127;;946811180.9388177;-55072805.433680385;2436740795.6574345;;;;;180014015.75919122
2025-07-01;68111674.66375709;;14937790.22399647;381208904.20554197;548275286.7341703;1435251883.1442811;751234683.6709139;421134876.5987311;271222778.8841406;731098284.6352898;2594497817.5511703;77330157.87553616;22365315.07452827;8476203.994904995;7576152.294620575;7355115.718747689;46048065.13130441;1292582768.510236;9175347073.413958;496639314.5020857;473969231.6769582;;961282651.4673228;-52120622.50854982;2461991368.338135;;;;;184627071.7215851
2025-08-01;53394104.02655042;;15938244.318075595;374681155.59679246;533436811.27934206;1412747667.4038923;752992320.7977664;418077477.65389454;270764852.15192884;750366212.6181415;2534449913.271955;74027263.26840062;22113407.052319128;7168779.343637834;7170091.254154588;7117551.85908302;44641122.497413;1250675596.1757855;9018565712.169859;488803141.6007265;462478654.6297411;;950269012.7741513;-48973580.57114806;2405438053.4231024;;;;;177985440.42000034
2025-09-01;69433084.07162935;;17631397.95595784;378654411.68791175;765094321.6571281;1429972594.1859062;755324892.945623;431265084.95259976;269615738.9056601;739928707.5424252;2641888030.2657676;78448327.01340695;22902077.97530529;8125966.607946861;7471322.092577509;7212568.821280719;47049262.14665789;1301804741.281082;9466791190.92117;494968660.8123052;476265924.8089094;;953706669.3769968;-47856472.91636955;2507677625.050335;;;;;182066878.1318019
2025-10-01;77534237.59783643;;15292404.676093692;368719130.7487289;534322587.10683835;1424093014.1643348;758600807.9420465;417488608.22611046;267941688.82273772;744356737.7560298;2668869240.8786836;74757316.21168774;22880151.194089584;7489364.538602689;7545794.282449589;7233612.706281044;44893350.266958825;1269559709.8586063;9197089233.95566;485511476.9775443;474113583.5691083;;949979430.5952265;-27607393.152229033;2526165370.9297385;;;;;170311263.10117376
